<?xml version="1.0" encoding="UTF-8"?>
<office:document-meta xmlns:office="urn:oasis:names:tc:opendocument:xmlns:office:1.0" xmlns:xlink="http://www.w3.org/1999/xlink" xmlns:dc="http://purl.org/dc/elements/1.1/" xmlns:meta="urn:oasis:names:tc:opendocument:xmlns:meta:1.0" xmlns:ooo="http://openoffice.org/2004/office" xmlns:grddl="http://www.w3.org/2003/g/data-view#" office:version="1.2"><office:meta><meta:creation-date>2018-08-20T22:16:16.589297133</meta:creation-date><dc:date>2018-08-20T22:19:48.709307449</dc:date><meta:editing-duration>PT3M35S</meta:editing-duration><meta:editing-cycles>1</meta:editing-cycles><meta:generator>LibreOffice/5.1.6.2$Linux_X86_64 LibreOffice_project/10m0$Build-2</meta:generator><meta:document-statistic meta:table-count="0" meta:image-count="0" meta:object-count="0" meta:page-count="1" meta:paragraph-count="3" meta:word-count="59" meta:character-count="73" meta:non-whitespace-character-count="71"/></office:meta></office:document-meta>